{"val_loss":0.33923619985580444,"epoch":100,"_timestamp":1.754577591014e+09,"_runtime":10.053957415,"_step":99,"_wandb":{"runtime":12},"train_loss":0.1885625123977661}