{"_timestamp":1.755684069175824e+09,"_runtime":196.990773471,"_step":99,"train_loss":0.4745963513851166,"val_loss":0.35391172766685486,"epoch":100,"_wandb":{"runtime":201}}