{"_step":99,"train_loss":0.4543507695198059,"val_loss":0.3494839370250702,"epoch":100,"_wandb":{"runtime":200},"_timestamp":1.755691413622415e+09,"_runtime":196.373311283}