{"cd1 distribution":{"_type":"histogram","values":[1,0,0,0,0,0,1,0,0,0,0,0,0,0,0,0,0,0,0,0,0,0,0,0,0,0,0,0,0,0,0,0,0,0,0,0,0,0,0,0,0,0,0,1,0,0,0,0,0,0,0,0,0,0,0,0,0,0,0,0,0,0,0,1],"bins":[0.007671152162517724,0.007845477761670328,0.00801980336082293,0.008194128959975533,0.008368454559128137,0.008542780158280739,0.008717105757433343,0.008891431356585947,0.00906575695573855,0.009240082554891152,0.009414408154043756,0.00958873375319636,0.009763059352348964,0.009937384951501566,0.01011171055065417,0.010286036149806773,0.010460361748959375,0.010634687348111979,0.010809012947264583,0.010983338546417185,0.011157664145569788,0.011331989744722392,0.011506315343874994,0.011680640943027598,0.011854966542180202,0.012029292141332804,0.012203617740485409,0.012377943339638011,0.012552268938790613,0.012726594537943219,0.01290092013709582,0.013075245736248424,0.013249571335401028,0.01342389693455363,0.013598222533706234,0.013772548132858838,0.01394687373201144,0.014121199331164043,0.014295524930316647,0.014469850529469249,0.014644176128621853,0.014818501727774457,0.014992827326927059,0.015167152926079662,0.015341478525232266,0.01551580412438487,0.01569012972353747,0.015864455322690076,0.01603878092184268,0.01621310652099528,0.016387432120147885,0.01656175771930049,0.016736083318453093,0.016910408917605695,0.0170847345167583,0.017259060115910902,0.017433385715063504,0.01760771131421611,0.01778203691336871,0.017956362512521314,0.01813068811167392,0.01830501371082652,0.018479339309979123,0.01865366490913173,0.01882799050828433]},"_step":22,"train_loss_32->64->128":0.5783586502075195,"train_loss_64->128":0.1985878050327301,"val_loss_32->64":0.4060068130493164,"_wandb":{"runtime":30},"_runtime":30.740001947,"train_loss_32->64":0.39216023683547974,"val_loss":0.4411400556564331,"val_loss_64->128":0.20183603465557098,"_timestamp":1.7527573316564825e+09,"train_loss":0.42482343316078186,"val_loss_32->64->128":0.5783586502075195,"loss_weights":{"ncols":3,"nrows":1,"sha256":"97c0935a2646bb553c807350bbdc3b1fc8cc31370fd48b99040287f2b6f1003a","_type":"table-file","path":"media/table/loss_weights_0_97c0935a2646bb553c80.table.json","log_mode":"IMMUTABLE","size":60,"_latest_artifact_path":"wandb-client-artifact://8vojw2078mz9cfadlhqsbtrbde2nihbi7e78r5so0r2zbcbyg4gt6axuw71jx5rsoteujisb6ggn40vu8naozoqc5ybgn113574s7az9825phvmbtv31y81gktmq6mje:latest/loss_weights.table.json","artifact_path":"wandb-client-artifact://97v302m3lda3e2gbgogh90ld7uldp8ywlxtu1mho5odrguzrpj7hes3bxq3q8ht16qcnwfw3vodit1jzyx3n4b0kun4bxmnqecveac2numatmk9jjybtubsdkuobmi8h/loss_weights.table.json"},"Evaluation":{"ncols":7,"_latest_artifact_path":"wandb-client-artifact://cnvv92cao86c1u6dtvtgxjsc1washrz1em6ungd3rg7vp2ty4z7x957wq4oo7v9cl7r6zo4ihw37tca52kv6sltypzsq12jirq27czl6tw7oz7y89ckxvlb15smhh1w8:latest/Evaluation.table.json","log_mode":"IMMUTABLE","size":206,"path":"media/table/Evaluation_22_dae51a99801ad56acd3f.table.json","sha256":"dae51a99801ad56acd3f5985ab619af3b05dbc9b2fc02a7d3c6f1dd0966c90ef","_type":"table-file","nrows":1,"artifact_path":"wandb-client-artifact://q24i4p1t4ly7r31wpiwbls671c1kilhjwzp0bs82h4c01m9rut5gtwrkyjppxc1uhaixqtugesmsmu8iau83kwm3lnqbwi6sg3tq5q3tao0pcbftddu7t7k5difqzs9g/Evaluation.table.json"},"epoch":20}