{"_runtime":319.903622237,"epoch":40,"_step":39,"_timestamp":1.76053552822286e+09,"val_loss":0.01089117769151926,"train_loss":0.11072365939617157,"_wandb":{"runtime":322},"val_loss per ele(64->128)":0.0027073693927377462,"val_loss per ele(32->128)":0.002738219453021884}