{"_step":99,"_wandb":{"runtime":37},"_timestamp":1.7611224624918358e+09,"epoch":100,"_runtime":36.10844526,"val_loss per ele(32->128)":0.04105118662118912,"train_loss":0.01620180904865265,"val_loss":0.04105118662118912,"val_loss per ele(64->128)":0}