{"val_loss per ele(64->128)":0.3412752151489258,"val_loss per ele(32->128)":0.2535417377948761,"epoch":40,"_wandb":{"runtime":345},"val_loss":1.1896339058876038,"_step":39,"_timestamp":1.760540076338002e+09,"train_loss":0.7178915143013,"_runtime":343.503474667}