{"train_loss":0.614056924978892,"val_loss":0.6270479679107666,"epoch":9,"_timestamp":1.7500823578010933e+09,"_runtime":342.391584009,"_step":9,"_wandb":{"runtime":348}}