{"eval level":2,"loss_weights":[0.25,0.25,0.5],"Evaluation":{"nrows":1,"_latest_artifact_path":"wandb-client-artifact://9mfitbjcgtt8jsmtlt6lwtfqw574zopt9qmdkgtbiglfomrn2n222zdkc3gzn6gqnyrex2y047m8cqn1mxpgpofkrv0gyoe7bax0utfxq32ipur9lz73t8125flkahre:latest/Evaluation.table.json","artifact_path":"wandb-client-artifact://odyotxazknycbo4edypzz92dvzw7ksgwkl3s64l9dpbg1ybx9519pox5pajwcxnm4nghajax8oenj3kkd7mdk6wu300jfpkp58c87d8v8y442btml9lf6xv5ulu0ahx3/Evaluation.table.json","ncols":6,"size":187,"log_mode":"IMMUTABLE","_type":"table-file","sha256":"92c926bb1019bacfacaa6ea9ebba9eaf41e224bd2b3b3bcbe17c109467e1a8c5","path":"media/table/Evaluation_12_92c926bb1019bacfacaa.table.json"},"train_loss_32->64->128":2.442807197570801,"_step":12,"train_loss":0.7930400371551514,"_wandb":{"runtime":1},"val_loss_32->64->128":2.442807197570801,"train_loss_32->64":0.8269831538200378,"val_loss_32->64":1.5232477188110352,"val_loss":2.8517818450927734,"_timestamp":1.7521520095765073e+09,"_runtime":1.813056193,"val_loss_64->128":4.998265266418457,"train_loss_64->128":0.5875447988510132,"epoch":10}