{"val_loss":0.6808791955312093,"epoch":9,"_timestamp":1.750079966117134e+09,"_runtime":21.287864174,"_step":9,"_wandb":{"runtime":24},"train_loss":0.6584937102264828}