{"_wandb":{"runtime":1316},"val_loss":0.10128114514275273,"epoch":7,"_timestamp":1.7561244731670122e+09,"_runtime":1237.210579345,"_step":6,"train_loss":0.09338983096441819}