{"epoch":100,"_wandb":{"runtime":2635},"_timestamp":1.7546617094496648e+09,"_runtime":2634.931583916,"_step":99,"train_loss":0.015681080837544072,"val_loss":0.02288499128407062}