{"val_loss":0.4625073969364166,"epoch":100,"_timestamp":1.7549171224873338e+09,"_runtime":43.797221485,"_step":99,"_wandb":{"runtime":57},"train_loss":0.4154622256755829}