{"val_loss per ele(64->128)":0,"train_loss":0.4746446907520294,"_wandb":{"runtime":18},"epoch":20,"val_loss":0.5984137654304504,"_runtime":10.742228385,"_step":19,"_timestamp":1.7615793831101272e+09,"val_loss per ele(32->128)":0.2992068827152252}