{"_runtime":17.764707364,"val_loss_64->128":0.2018362283706665,"loss_weights":{"log_mode":"IMMUTABLE","ncols":3,"path":"media/table/loss_weights_0_97c0935a2646bb553c80.table.json","size":60,"_type":"table-file","sha256":"97c0935a2646bb553c807350bbdc3b1fc8cc31370fd48b99040287f2b6f1003a","nrows":1,"_latest_artifact_path":"wandb-client-artifact://2ziow5ygpf3au3qmz5so2jj5nd184ngq2rv2k74uotutnh6qezo64kx15b1qlwyqlpwqnui8hai0xndfm8za9cqy9ips00wcvd5dip6fffxvsq9h0zexhr71v3ff68y2:latest/loss_weights.table.json","artifact_path":"wandb-client-artifact://ic4an4zmd5p8solh46j3ig4qamoo9afues748h6oqx6ze9p1dsbkxf8kjo8541o4ork69on6xvq0jawblz7zb0h46cddhubpwnnzjos6xpf93vsmbffib3kbyh1phcnd/loss_weights.table.json"},"_timestamp":1.7527577629568732e+09,"val_loss_32->64->128":0.5783587098121643,"train_loss_32->64->128":0.5783587098121643,"train_loss_32->64":0.3921602666378021,"epoch":20,"_wandb":{"runtime":33},"train_loss":0.4248234033584595,"train_loss_64->128":0.19858786463737488,"val_loss_32->64":0.40600690245628357,"_step":20,"val_loss":0.44114014506340027}