{"_step":39,"train_loss":0.40492692589759827,"_wandb":{"runtime":38},"val_loss":0.45682621002197266,"epoch":40,"_timestamp":1.7545694331788797e+09,"_runtime":4.8497821850000005}