{"_wandb":{"runtime":68},"epoch":9,"_timestamp":1.7500840063149686e+09,"_runtime":21.651567668,"_step":9,"train_loss":0.020921493890798754,"val_loss":0.12006454051782688}