{"saliency_feature":[[3.607122562243603e-05,3.3481792343081906e-05,5.801261522719869e-06,6.06156845606165e-06,5.592911747953622e-06,4.833867478737375e-06,1.4639917026215699e-05,9.3781263785786e-06,8.11072277429048e-06,9.209076779370662e-06,6.316100098047173e-06],[2.9562468625954352e-05,2.3686829081270844e-05,3.8779230635554995e-06,4.6213144742068835e-06,5.014727776142536e-06,5.687611519533675e-06,1.3722521543968469e-05,5.959280770184705e-06,4.289606749807717e-06,4.106600499653723e-06,2.451619366183877e-06],[2.208033220085781e-05,1.0218277566309553e-05,3.1712067993794335e-06,3.4194770250906004e-06,2.611115633044392e-06,2.793268322420772e-06,4.658019861381035e-06,2.0676927761087427e-06,2.18577656596608e-06,2.3077448076946894e-06,2.338693775527645e-06],[2.25217027036706e-05,1.0830253813765012e-05,3.9420401662937365e-06,2.2348988295561867e-06,1.7320630831818562e-06,2.0237200715200743e-06,5.15761803399073e-06,2.379035322519485e-06,2.309318006155081e-06,2.0750783278344898e-06,1.634527393434837e-06],[5.273002534522675e-05,1.4936562365619466e-05,6.470126663771225e-06,5.52676601728308e-06,4.803079264092958e-06,6.404417035810184e-06,6.510545063065365e-06,4.5481729102903046e-06,5.738162599300267e-06,5.3153798944549635e-06,5.524075731955236e-06]],"Saliency feature importance over epochs of last train example":{"_type":"image-file","sha256":"85c5dbada24097b7710ec3029d98c401c550a17f21b6e6a5e6361b9b66816d2f","size":67099,"path":"media/images/Saliency feature importance over epochs of last train example_21_85c5dbada24097b7710e.png","format":"png","width":1000,"height":600},"train_loss":0.02100921759588851,"_timestamp":1.7498149815814786e+09,"val_loss":0.023897028341889382,"epoch":4,"_runtime":900.93694033,"_wandb":{"runtime":1101},"_step":21}