{"_wandb":{"runtime":18},"epoch":20,"_timestamp":1.7615800055314827e+09,"val_loss per ele(32->128)":0.2992068827152252,"val_loss per ele(64->128)":0,"_runtime":10.477491462,"val_loss":0.5984137654304504,"_step":19,"train_loss":0.4746446907520294}