{"_timestamp":1.7545782772928536e+09,"_runtime":9.816368345,"_step":99,"train_loss":0.1885625123977661,"_wandb":{"runtime":11},"val_loss":0.33923619985580444,"epoch":100}