{"_step":49,"val_loss per ele(64->128)":0,"val_loss per ele(32->128)":0.00043156008980297874,"_timestamp":1.7616633323221517e+09,"val_loss":0.006892079046107272,"_runtime":2993.219094251,"_wandb":{"runtime":2999},"train_loss":0.002868868699019302,"epoch":50}