{"_step":39,"train_loss":0.11287122964859009,"val_loss per ele(32->128)":0.0027630669064819813,"_wandb":{"runtime":314},"_runtime":312.832343554,"val_loss":0.010976883117109537,"_timestamp":1.7605370869732208e+09,"val_loss per ele(64->128)":0.0027253746520727873,"epoch":40}