{"train_loss":0.14566279047015887,"val_loss":0.14478283775831335,"epoch":14,"_wandb":{"runtime":7311},"_timestamp":1.7566701720985186e+09,"_runtime":7027.196675621,"_step":13}