{"stats/q3":0.01623939737348358,"val_loss_32->64->128":0.57835853099823,"train_loss_32->64->128":0.57835853099823,"stats/max":0.018883072984320643,"train_loss_64->128":0.1985878199338913,"_runtime":32.789657809,"_step":22,"stats/mean":0.012652378489556726,"train_loss":0.4248233437538147,"val_loss_32->64":0.4060068130493164,"stats/median":0.012021716760099038,"epoch":20,"stats/std":0.004652298899893824,"Evaluation":{"sha256":"7cdd8208486e1af35aa0a1f2ca5154081967e70a00274b385e1e99e003cce68a","log_mode":"IMMUTABLE","ncols":7,"size":205,"nrows":1,"_latest_artifact_path":"wandb-client-artifact://x98v96tr1gzq2utvoqasa717m8q31tl7rhuvcvqamjzyqdb80q4vv0hmykznv2fm4x2bnuvbqsxqed04aghpgak92123d1oerwhtkfe77lox3qvjd18melyis3kwusem:latest/Evaluation.table.json","_type":"table-file","artifact_path":"wandb-client-artifact://rbs6bhyxdel7dvkysju5nwzpbr1ldtfl689t1mx39jp8ni2bn4hztd0gem4sn78i6kn9hnce1ttuf0lbcvemveis0tcvr2ebhoweqwz2mxjrxbfsp1imy9156nm11pck/Evaluation.table.json","path":"media/table/Evaluation_22_7cdd8208486e1af35aa0.table.json"},"train_loss_32->64":0.39216017723083496,"_wandb":{"runtime":32},"stats/min":0.007683007453708181,"val_loss":0.44113999605178833,"_timestamp":1.7527580271294363e+09,"loss_weights":{"nrows":1,"path":"media/table/loss_weights_0_97c0935a2646bb553c80.table.json","size":60,"artifact_path":"wandb-client-artifact://igodttimic6yn3eai0j8xllhrwcsgxkej8jucoqqaxmp7ehqbu7flpwwjx3eg5j3h1l0q0w22pklfcnko5e41wn0wv926cr3rz5oxmxoyga2ppppj0edo3y5hfzvycku/loss_weights.table.json","_type":"table-file","_latest_artifact_path":"wandb-client-artifact://ibeve6gopz1m81hyogkbnba3qqkj28g5l5ma1w2cmu2sla2yl8nzrlfhng5fkc54g4qw75ec0nq0haogmlqyowr8c8xom124zpkdv6km0opk6voscvw4s1fscvzyvi7x:latest/loss_weights.table.json","sha256":"97c0935a2646bb553c807350bbdc3b1fc8cc31370fd48b99040287f2b6f1003a","ncols":3,"log_mode":"IMMUTABLE"},"val_loss_64->128":0.20183607935905457,"stats/q1":0.008434697876172181}