{"val_loss per ele(32->128)":0.0036279477644711733,"_step":39,"_timestamp":1.760534535413897e+09,"train_loss":0.04725189134478569,"val_loss":0.014829372055828571,"_runtime":252.432125077,"val_loss per ele(64->128)":0.0037867382634431124,"_wandb":{"runtime":254},"epoch":40}