{"train_loss":0.6170870661735535,"val_loss":0.2108938843011856,"epoch":1,"_wandb":{"runtime":6},"_timestamp":1.7551774575233636e+09,"_runtime":2.786845001,"_step":0}