{"epoch":1,"_timestamp":1.7545787561270707e+09,"_wandb":{"runtime":3},"_runtime":1.593299687,"_step":0,"train_loss":0.39278584718704224,"val_loss":0.2832389771938324}