{"epoch":100,"_timestamp":1.7545786015280752e+09,"_runtime":9.844574835,"_wandb":{"runtime":11},"_step":99,"train_loss":0.1885625123977661,"val_loss":0.33923619985580444}