{"train_loss_64->128":0.04840192010644639,"_wandb":{"runtime":9621},"val_loss":0.12303258632035817,"train_loss":0.06806514766251687,"_runtime":9618.008899217,"train_loss_32->64":0.07600731642381979,"epoch":40,"val_loss_32->64":0.1529440651921665,"loss_weights":{"size":60,"log_mode":"IMMUTABLE","path":"media/table/loss_weights_0_97c0935a2646bb553c80.table.json","ncols":3,"_type":"table-file","_latest_artifact_path":"wandb-client-artifact://h6dj6xghblnv0qj1jamrkau4d7c8eqryln76fvccsm0s5isgwyedg1hwwiax6n496ignugxzq12hxa107ofgqp4bvivfzgddcl40489ewhsrmsdy7vajlnqq0rdugs72:latest/loss_weights.table.json","sha256":"97c0935a2646bb553c807350bbdc3b1fc8cc31370fd48b99040287f2b6f1003a","artifact_path":"wandb-client-artifact://ooabngianmrt7xf4m9jkd7xx6smwe9csll21q7f6hugp09wnw7wkpncapthcz29fxyej1jqanlniylgyl72vw2luduo973q3apjf070jht02r14ezeyn6yprhylea21q/loss_weights.table.json","nrows":1},"train_loss_32->64->128":0.1347486486329752,"val_loss_32->64->128":0.1347486486329752,"_timestamp":1.752256589875769e+09,"_step":40,"val_loss_64->128":0.06968898348071996}