{"_runtime":11.203041156,"_step":19,"_timestamp":1.7615786757766638e+09,"val_loss per ele(32->128)":0.2992068827152252,"val_loss":0.5984137654304504,"_wandb":{"runtime":19},"val_loss per ele(64->128)":0,"train_loss":0.4746446907520294,"epoch":20}