{"val_loss per ele(64->128)":0.04900209963321686,"val_loss":0.46426919400691985,"_wandb":{"runtime":163},"val_loss per ele(32->128)":0.019932608712803234,"train_loss":0.15593528350194294,"epoch":10,"_timestamp":1.7607100763945942e+09,"_runtime":159.474100681,"_step":9}