{"_step":99,"_wandb":{"runtime":11},"train_loss":0.1885625123977661,"val_loss":0.33923619985580444,"epoch":100,"_timestamp":1.7545784576901186e+09,"_runtime":9.674749662}