{"val_loss per ele(32->128)":0.0027925060130655766,"_wandb":{"runtime":307},"_runtime":305.87122723,"_step":39,"val_loss per ele(64->128)":0.002772548468783498,"val_loss":0.011130108963698149,"epoch":40,"train_loss":0.07815743237733841,"_timestamp":1.7605350640798523e+09}