{"val_loss per ele(32->128)":0.0027771450113505125,"_timestamp":1.7605365517604065e+09,"val_loss per ele(64->128)":0.002781190210953355,"epoch":40,"val_loss":0.011116670444607735,"_runtime":322.167671782,"_wandb":{"runtime":323},"_step":39,"train_loss":0.009514469653367996}