{"_timestamp":1.7532836250220969e+09,"val_loss":0.2627372448124103,"train_loss_32->64":0.887251298077664,"val_loss_32->64":0.3154684527596431,"_wandb":{"runtime":275},"_step":1,"train_loss":0.8389491530793223,"val_loss_32->64->128":0.28438346043451507,"train_loss_64->128":0.6416744397054264,"_runtime":263.42491981,"epoch":1,"train_loss_32->64->128":0.28438346043451507,"loss_weights":{"_latest_artifact_path":"wandb-client-artifact://rd2c1wgdutp0imy04d6i4difgjqi5sx6m77fi6a4v45pzwae5usk9r58ckn9dfrxp20cyd6u6jovvsfa1q5gaknreu9gq7grsm0albyej7208h98fkbh8n9tdhl39rm3:latest/loss_weights.table.json","nrows":1,"path":"media/table/loss_weights_0_97c0935a2646bb553c80.table.json","artifact_path":"wandb-client-artifact://zxydyfw4sa1984or4hvj2ialqva2737oyfphp4vg0uesg7u7cq1dedpp04r8oy0kf79aj4imuhf561ybmak080w4fdciqqqz108zt6023a1ndxmnyut3dl8433swbqdk/loss_weights.table.json","log_mode":"IMMUTABLE","size":60,"_type":"table-file","ncols":3,"sha256":"97c0935a2646bb553c807350bbdc3b1fc8cc31370fd48b99040287f2b6f1003a"},"val_loss_64->128":0.16671360473134625}