{"_timestamp":1.7501597905694094e+09,"_runtime":2.119218552,"_step":9,"train_loss":0.008124639989642543,"_wandb":{"runtime":43},"val_loss":0.07225684249568005,"epoch":9}