{"Saliency feature importance over epochs of last train example":{"_type":"image-file","sha256":"7c4248dd9d45f8dff35b48afd61b37dd092d2166bf9c49e13d00c6a43ff07cb0","size":68191,"path":"media/images/Saliency feature importance over epochs of last train example_20_7c4248dd9d45f8dff35b.png","format":"png","width":1000,"height":600},"_wandb":{"runtime":13872},"train_loss":0.0015158179037808982,"val_loss":0.003036554216955649,"epoch":19,"_timestamp":1.751042559585101e+09,"_runtime":13872.286961503,"_step":20}