{"_wandb":{"runtime":313},"train_loss":0.7099151015281677,"val_loss per ele(64->128)":0.33759331703186035,"_runtime":312.067697389,"_step":39,"val_loss per ele(32->128)":0.2596021592617035,"_timestamp":1.7605409366615858e+09,"epoch":40,"val_loss":1.1943909525871277}