{"val_loss per ele(32->128)":0.25033649802207947,"train_loss":0.7137464880943298,"_wandb":{"runtime":324},"_step":39,"val_loss":1.1540182828903198,"val_loss per ele(64->128)":0.32667264342308044,"_runtime":322.613190051,"epoch":40,"_timestamp":1.7605396135806057e+09}