{"_wandb":{"runtime":12},"_runtime":10.213686908,"_step":99,"train_loss":0.1885625123977661,"val_loss":0.33923619985580444,"epoch":100,"_timestamp":1.7545774655509648e+09}