{"val_loss_64->128":1.9469008408486843,"loss_weights":{"nrows":1,"sha256":"97c0935a2646bb553c807350bbdc3b1fc8cc31370fd48b99040287f2b6f1003a","size":60,"_type":"table-file","_latest_artifact_path":"wandb-client-artifact://2vj99953w904ua983db7d7oe4qfezeril2t4xcarkmksivfn8d2qscq8r6v7uz17c9s0xbqybhtj20gsl9htn56orfax0fzpxkzl81ac3t3f40lcx7i1pm3lvpnekmoj:latest/loss_weights.table.json","log_mode":"IMMUTABLE","path":"media/table/loss_weights_0_97c0935a2646bb553c80.table.json","ncols":3,"artifact_path":"wandb-client-artifact://5fqtmglsawe6mbbea0hm3xy8be0h4n18l11jyk5td7z94mzf2n305byl4memh0yi37mmsutdymiw7x5igc5h9hccvypz7h3th8zgin0iay9w5mgvizl116z27mm1yewu/loss_weights.table.json"},"_step":10,"train_loss_64->128":9.23629416897893,"val_loss_32->64":3.0959650352597237,"_runtime":4073.511865891,"val_loss_32->64->128":2.8049304261803627,"epoch":10,"_wandb":{"runtime":4365},"train_loss":0.1102561903471994,"train_loss_32->64->128":2.8049304261803627,"val_loss":0.07832887308562503,"_timestamp":1.7522383731874323e+09,"train_loss_32->64":12.36495504528284}