{"val_loss per ele(32->128)":0.2473665475845337,"_runtime":295.58427965,"val_loss per ele(64->128)":0.32695162296295166,"_timestamp":1.7605413393591797e+09,"_step":39,"epoch":40,"train_loss":0.72320157289505,"val_loss":1.1486363410949707,"_wandb":{"runtime":297}}