{"train_loss":0.044302042263249554,"val_loss":0.036719954138000804,"Saliency feature importance over epochs of last train example":{"height":600,"_type":"image-file","sha256":"cacabc6788c22066456f2b0a2b3ab2d2ab92a67bef4d73976baec22ef5302715","size":86624,"path":"media/images/Saliency feature importance over epochs of last train example_11_cacabc6788c22066456f.png","format":"png","width":1000},"_wandb":{"runtime":59},"epoch":4,"_runtime":57.030972982,"_step":11,"_timestamp":1.7498156297709367e+09}