{"train_loss":0.4746446907520294,"_step":19,"val_loss per ele(32->128)":0.2992068827152252,"val_loss per ele(64->128)":0,"_wandb":{"runtime":18},"_timestamp":1.761578977530854e+09,"val_loss":0.5984137654304504,"epoch":20,"_runtime":10.33601477}