{"train_loss":0.019871655034108295,"val_loss":0.045111803648372494,"epoch":9,"_wandb":{"runtime":462},"_timestamp":1.7500835104446623e+09,"_runtime":359.426565905,"_step":9}