{"Saliency feature importance over epochs of last train example":{"path":"media/images/Saliency feature importance over epochs of last train example_5_852f44434f25dea073f4.png","format":"png","width":1000,"height":600,"_type":"image-file","sha256":"852f44434f25dea073f491b79f851457ac42e69b502f14360e891e0ae27952b4","size":91174},"_wandb":{"runtime":12},"train_loss":0.062341950523356594,"val_loss":0.04516687486320734,"epoch":4,"_timestamp":1.7498157628565845e+09,"_runtime":8.889797191,"_step":5}