{"epoch":4,"_timestamp":1.7498154246644366e+09,"_runtime":13.366486736,"_step":5,"train_loss":0.06197892266015212,"Saliency feature importance over epochs of last train example":{"height":600,"_type":"image-file","sha256":"73ffa74aa966f4adc7fa3b3d55d70b99d6dcfede95b3f2f5e6dff8e3c9ea08c9","size":100687,"path":"media/images/Saliency feature importance over epochs of last train example_5_73ffa74aa966f4adc7fa.png","format":"png","width":1000},"_wandb":{"runtime":15},"val_loss":0.03908322698747118}