{"_runtime":30.868766581,"_wandb":{"runtime":30},"train_loss":0.6911445260047913,"val_loss per ele(64->128)":0.3398022949695587,"val_loss":1.1912457346916199,"_step":39,"epoch":40,"_timestamp":1.760605112482346e+09,"val_loss per ele(32->128)":0.2558205723762512}