{"epoch":19,"_timestamp":1.7510512306252112e+09,"_runtime":13608.402590602,"_step":20,"Saliency feature importance over epochs of last train example":{"size":66470,"path":"media/images/Saliency feature importance over epochs of last train example_20_9eb00972dabc56d51699.png","format":"png","width":1000,"height":600,"_type":"image-file","sha256":"9eb00972dabc56d516999fc5d2c3d88bc13e6782834c7ef96b20a1bf5287aff4"},"_wandb":{"runtime":13609},"train_loss":0.0015347725864693382,"val_loss":0.0022881305047825224}