{"_wandb":{"runtime":8757},"loss_weights":{"sha256":"97c0935a2646bb553c807350bbdc3b1fc8cc31370fd48b99040287f2b6f1003a","nrows":1,"size":60,"artifact_path":"wandb-client-artifact://tvcod5mglbagetj2rupxzkrjiqf6cyi0103fs2n6eo78dw7ul3kqcn29yffu86fta6czynocddvj6lj76gwp4ubv5atvzjpuzch48yejhor291u88en22q58a6bwbqf0/loss_weights.table.json","_latest_artifact_path":"wandb-client-artifact://svmqnqcm9m0dir7rryhtfhdvhfhl9oef3wd2knv17bl2a07niq602238wsm689b00jaegfq1qqlv2s6iljpla8bbsc959hey2oizjmcrdus66aeo0xxv0ofnh9ci0pqd:latest/loss_weights.table.json","_type":"table-file","log_mode":"IMMUTABLE","ncols":3,"path":"media/table/loss_weights_0_97c0935a2646bb553c80.table.json"},"val_loss_32->64->128":0.6741537731140852,"train_loss_32->64->128":0.6741537731140852,"epoch":10,"_step":10,"train_loss":0.03448660407989922,"_timestamp":1.7521598005429912e+09,"val_loss_32->64":0.620343554764986,"val_loss_64->128":0.338950265198946,"train_loss_64->128":2.361616728361696,"_runtime":4075.515789612,"val_loss":0.016967657131745535,"train_loss_32->64":3.822815114632249}