{"_runtime":10.516919645,"_step":99,"train_loss":0.1885625123977661,"val_loss":0.33923619985580444,"epoch":100,"_timestamp":1.75457851316501e+09,"_wandb":{"runtime":12}}