{"val_loss_32->64":0.620343554764986,"val_loss":0.016967657131745535,"train_loss":0.03448660407989922,"loss_weights":{"ncols":3,"size":60,"log_mode":"IMMUTABLE","nrows":1,"_type":"table-file","artifact_path":"wandb-client-artifact://tvcod5mglbagetj2rupxzkrjiqf6cyi0103fs2n6eo78dw7ul3kqcn29yffu86fta6czynocddvj6lj76gwp4ubv5atvzjpuzch48yejhor291u88en22q58a6bwbqf0/loss_weights.table.json","sha256":"97c0935a2646bb553c807350bbdc3b1fc8cc31370fd48b99040287f2b6f1003a","_latest_artifact_path":"wandb-client-artifact://svmqnqcm9m0dir7rryhtfhdvhfhl9oef3wd2knv17bl2a07niq602238wsm689b00jaegfq1qqlv2s6iljpla8bbsc959hey2oizjmcrdus66aeo0xxv0ofnh9ci0pqd:latest/loss_weights.table.json","path":"media/table/loss_weights_0_97c0935a2646bb553c80.table.json"},"val_loss_32->64->128":0.6741537731140852,"val_loss_64->128":0.338950265198946,"_runtime":4075.515789612,"train_loss_32->64->128":0.6741537731140852,"_timestamp":1.7521598005429912e+09,"train_loss_32->64":3.822815114632249,"_step":10,"_wandb":{"runtime":4378},"epoch":10,"train_loss_64->128":2.361616728361696}