{"_timestamp":1.7545691763401892e+09,"_runtime":4.8521240599999995,"_step":39,"train_loss":0.40492692589759827,"val_loss":0.45682621002197266,"epoch":40,"_wandb":{"runtime":6}}