{"_timestamp":1.7605341737296512e+09,"epoch":40,"_runtime":338.876664793,"val_loss":0.020974259823560715,"val_loss per ele(32->128)":0.005093524232506752,"val_loss per ele(64->128)":0.005393605679273605,"train_loss":0.21091710031032562,"_step":39,"_wandb":{"runtime":339}}