{"_step":9,"_wandb":{"runtime":151},"train_loss":0.46345528127832547,"val_loss":0.494267333795627,"epoch":9,"_timestamp":1.750075672399895e+09,"_runtime":78.550713071}