{"val_loss_32->64":1.5232477188110352,"ecd2":0.06573888649219503,"ef1":0.5,"train_loss_64->128":0.5875447988510132,"train_loss_32->64->128":2.442807197570801,"cd2":0.0007805450647318261,"nc":0.5221397879085509,"eval level":2,"train_loss_32->64":0.8269831538200378,"loss_weights":[0.25,0.25,0.5],"val_loss":2.8517818450927734,"_wandb":{"runtime":1},"epoch":10,"_step":12,"_runtime":1.315133037,"val_loss_32->64->128":2.442807197570801,"cd1":0.029053287084566656,"train_loss":0.7930400371551514,"f1":0.0789758331226646,"val_loss_64->128":4.998265266418457,"_timestamp":1.7521514874814782e+09}