{"_step":5,"train_loss":0.06762682340211339,"Saliency feature importance over epochs of last train example":{"_type":"image-file","sha256":"f146be833ec5d0bf150554e23e1ec62746a541d0695a63b2fcedca56d7561e8a","size":106898,"path":"media/images/Saliency feature importance over epochs of last train example_5_f146be833ec5d0bf1505.png","format":"png","width":1000,"height":600},"_wandb":{"runtime":5},"val_loss":0.038325273369749384,"epoch":4,"_timestamp":1.7498158822727509e+09,"_runtime":4.979827149}